Referee,Team,Fouls,YellowCards,RedCards
A D'Urso,Arsenal,-0.10557256148158291,-0.15480517964013152,0.4924236322963013
A D'Urso,Chelsea,-0.22444707835836078,-0.20592351764776276,-0.4054004903818687
A D'Urso,Liverpool,-0.2165221105665756,-0.35927853167065654,-0.4054004903818687
A D'Urso,Man City,-0.06594772252265696,-0.257041855655394,-0.4054004903818687
A D'Urso,Man United,-0.32747165965156827,-0.4615152076859191,-0.4054004903818687
A D'Urso,Tottenham,0.13217647227197285,-0.10368684163250026,1.3902477549744712
A Madley,Arsenal,-0.27199688510907194,-0.10368684163250026,-0.4054004903818687
A Madley,Chelsea,0.25105098914875074,0.3052598624285498,-0.4054004903818687
A Madley,Liverpool,0.4333252483598101,0.25414152442091853,-0.4054004903818687
A Madley,Man City,-0.018397915771945803,-0.052568503624869,-0.4054004903818687
A Madley,Man United,0.021226923186980155,-0.052568503624869,-0.4054004903818687
A Madley,Tottenham,0.06085176214590612,-0.257041855655394,0.4924236322963013
A Marriner,Arsenal,2.70779100460216,2.094401692695644,2.288071877652641
A Marriner,Chelsea,2.779115714728227,2.8100584248024814,1.3902477549744712
A Marriner,Liverpool,3.5478375905313904,3.6790701709322127,1.3902477549744712
A Marriner,Man City,4.126360239331709,4.241371889016157,2.288071877652641
A Marriner,Man United,2.834590489270723,2.6567034107795875,4.083720123008981
A Marriner,Tottenham,3.2308388788599824,3.0656501148406377,0.4924236322963013
A Taylor,Arsenal,3.0564895874407085,3.525715156909319,4.981544245687151
A Taylor,Chelsea,2.92176513498036,4.343608565031419,0.4924236322963013
A Taylor,Liverpool,4.300709530750984,5.059265297138257,2.288071877652641
A Taylor,Man City,2.0737935812593444,2.145520030703275,2.288071877652641
A Taylor,Man United,3.31801352456962,4.292490227023788,1.3902477549744712
A Taylor,Tottenham,2.7711907469364414,3.0656501148406377,2.288071877652641
A Wiley,Arsenal,2.6523162300596637,2.2477567067185373,1.3902477549744712
A Wiley,Chelsea,1.6379203527111592,1.5832183126193313,0.4924236322963013
A Wiley,Liverpool,2.248142872678619,1.3787449605888062,1.3902477549744712
A Wiley,Man City,1.384321383374033,0.7142065664895999,2.288071877652641
A Wiley,Man United,1.6537702882947296,1.327626622581175,0.4924236322963013
A Wiley,Tottenham,1.0276978327436994,0.9186799185201249,-0.4054004903818687
A. G. Wiley,Arsenal,-0.4225712731529906,-0.3081601936630253,-0.4054004903818687
A. G. Wiley,Chelsea,-0.438421208736561,-0.35927853167065654,-0.4054004903818687
A. G. Wiley,Liverpool,-0.4780460476954869,-0.35927853167065654,-0.4054004903818687
A. G. Wiley,Man City,-0.565220693405124,-0.5126335456935504,-0.4054004903818687
A. G. Wiley,Man United,-0.4938959832790573,-0.4103968696782878,-0.4054004903818687
A. G. Wiley,Tottenham,-0.36709649861049426,-0.4615152076859191,-0.4054004903818687
A. G. Wiley ,Arsenal,-0.565220693405124,-0.5126335456935504,-0.4054004903818687
A. G. Wiley ,Chelsea,-0.565220693405124,-0.5126335456935504,-0.4054004903818687
A. G. Wiley ,Liverpool,-0.565220693405124,-0.5126335456935504,-0.4054004903818687
A. G. Wiley ,Man City,-0.565220693405124,-0.5126335456935504,-0.4054004903818687
A. G. Wiley ,Man United,-0.438421208736561,-0.4615152076859191,-0.4054004903818687
A. G. Wiley ,Tottenham,-0.565220693405124,-0.5126335456935504,-0.4054004903818687
A. P. D'Urso,Arsenal,-0.565220693405124,-0.5126335456935504,-0.4054004903818687
A. P. D'Urso,Chelsea,-0.565220693405124,-0.5126335456935504,-0.4054004903818687
A. P. D'Urso,Liverpool,-0.4146463053612054,-0.35927853167065654,0.4924236322963013
A. P. D'Urso,Man City,-0.565220693405124,-0.5126335456935504,-0.4054004903818687
A. P. D'Urso,Man United,-0.4859710154872721,-0.4103968696782878,-0.4054004903818687
A. P. D'Urso,Tottenham,-0.565220693405124,-0.5126335456935504,-0.4054004903818687
A. P. D'Urso ,Arsenal,-0.4542711443201313,-0.4615152076859191,0.4924236322963013
A. P. D'Urso ,Chelsea,-0.4146463053612054,-0.35927853167065654,-0.4054004903818687
A. P. D'Urso ,Liverpool,-0.565220693405124,-0.5126335456935504,-0.4054004903818687
A. P. D'Urso ,Man City,-0.565220693405124,-0.5126335456935504,-0.4054004903818687
A. P. D'Urso ,Man United,-0.565220693405124,-0.5126335456935504,-0.4054004903818687
A. P. D'Urso ,Tottenham,-0.565220693405124,-0.5126335456935504,-0.4054004903818687
A.G. Wiley,Arsenal,-0.4067213375694202,-0.3081601936630253,-0.4054004903818687
A.G. Wiley,Chelsea,-0.565220693405124,-0.5126335456935504,-0.4054004903818687
A.G. Wiley,Liverpool,-0.565220693405124,-0.5126335456935504,-0.4054004903818687
A.G. Wiley,Man City,-0.565220693405124,-0.5126335456935504,-0.4054004903818687
A.G. Wiley,Man United,-0.565220693405124,-0.5126335456935504,-0.4054004903818687
A.G. Wiley,Tottenham,-0.565220693405124,-0.5126335456935504,-0.4054004903818687
Alan Wiley,Arsenal,-0.3829464341940646,-0.4103968696782878,-0.4054004903818687
Alan Wiley,Chelsea,-0.4938959832790573,-0.4103968696782878,-0.4054004903818687
Alan Wiley,Liverpool,-0.31954669185978307,-0.3081601936630253,0.4924236322963013
Alan Wiley,Man City,-0.33539662744335347,-0.3081601936630253,-0.4054004903818687
Alan Wiley,Man United,-0.3908714019858498,-0.4615152076859191,-0.4054004903818687
Alan Wiley,Tottenham,-0.4542711443201313,-0.5126335456935504,-0.4054004903818687
Andy D'Urso,Arsenal,-0.4780460476954869,-0.4615152076859191,-0.4054004903818687
Andy D'Urso,Chelsea,-0.4780460476954869,-0.35927853167065654,-0.4054004903818687
Andy D'Urso,Liverpool,-0.5018209510708425,-0.4615152076859191,-0.4054004903818687
Andy D'Urso,Man City,-0.3829464341940646,-0.35927853167065654,-0.4054004903818687
Andy D'Urso,Man United,-0.4067213375694202,-0.4103968696782878,-0.4054004903818687
Andy D'Urso,Tottenham,-0.34332159523513867,-0.5126335456935504,-0.4054004903818687
B Knight,Arsenal,-0.3908714019858498,-0.35927853167065654,-0.4054004903818687
B Knight,Chelsea,-0.24029701394193118,-0.4103968696782878,-0.4054004903818687
B Knight,Liverpool,-0.1293474648569385,-0.3081601936630253,-0.4054004903818687
B Knight,Man City,-0.36709649861049426,-0.3081601936630253,0.4924236322963013
B Knight,Man United,-0.525595854446198,-0.5126335456935504,-0.4054004903818687
B Knight,Tottenham,-0.08179765810622734,-0.3081601936630253,-0.4054004903818687
"Barber, G. P.",Arsenal,-0.31954669185978307,-0.35927853167065654,-0.4054004903818687
"Barber, G. P.",Chelsea,-0.19274720719122002,0.04966817239039351,-0.4054004903818687
"Barber, G. P.",Liverpool,-0.438421208736561,-0.4103968696782878,-0.4054004903818687
"Barber, G. P.",Man City,-0.565220693405124,-0.5126335456935504,-0.4054004903818687
"Barber, G. P.",Man United,-0.398796369777635,-0.4103968696782878,-0.4054004903818687
"Barber, G. P.",Tottenham,-0.565220693405124,-0.5126335456935504,-0.4054004903818687
Barry Knight,Arsenal,-0.398796369777635,-0.3081601936630253,0.4924236322963013
Barry Knight,Chelsea,-0.5018209510708425,-0.5126335456935504,-0.4054004903818687
Barry Knight,Liverpool,-0.36709649861049426,-0.35927853167065654,-0.4054004903818687
Barry Knight,Man City,-0.16104733602407925,-0.257041855655394,-0.4054004903818687
Barry Knight,Man United,-0.565220693405124,-0.5126335456935504,-0.4054004903818687
Barry Knight,Tottenham,-0.27199688510907194,-0.257041855655394,-0.4054004903818687
"Barry, N. S.",Arsenal,-0.4304962409447758,-0.4615152076859191,-0.4054004903818687
"Barry, N. S.",Chelsea,-0.565220693405124,-0.5126335456935504,-0.4054004903818687
"Barry, N. S.",Liverpool,-0.4859710154872721,-0.5126335456935504,-0.4054004903818687
"Barry, N. S.",Man City,-0.565220693405124,-0.5126335456935504,-0.4054004903818687
"Barry, N. S.",Man United,-0.565220693405124,-0.5126335456935504,-0.4054004903818687
"Barry, N. S.",Tottenham,-0.4780460476954869,-0.5126335456935504,-0.4054004903818687
"Bennett, S. G.",Arsenal,-0.565220693405124,-0.5126335456935504,-0.4054004903818687
"Bennett, S. G.",Chelsea,-0.2006721749830052,-0.3081601936630253,-0.4054004903818687
"Bennett, S. G.",Liverpool,-0.5335208222379832,-0.5126335456935504,-0.4054004903818687
"Bennett, S. G.",Man City,-0.565220693405124,-0.5126335456935504,-0.4054004903818687
"Bennett, S. G.",Man United,-0.4304962409447758,-0.257041855655394,-0.4054004903818687
"Bennett, S. G.",Tottenham,-0.565220693405124,-0.5126335456935504,-0.4054004903818687
C Foy,Arsenal,1.3684714477904627,0.35637820043618107,2.288071877652641
C Foy,Chelsea,1.1861971885794034,0.6630882284819686,4.981544245687151
C Foy,Liverpool,-0.565220693405124,-0.5126335456935504,-0.4054004903818687
C Foy,Man City,2.3353175183882557,2.094401692695644,-0.4054004903818687
C Foy,Man United,1.7330199662125816,1.4809816366040687,-0.4054004903818687
C Foy,Tottenham,1.7964197085468632,0.8164432425048623,1.3902477549744712
C Kavanagh,Arsenal,1.130722414036907,1.3787449605888062,1.3902477549744712
C Kavanagh,Chelsea,0.49672499069409165,0.8675615805124937,-0.4054004903818687
C Kavanagh,Liverpool,0.9167482836587069,0.560851552466706,-0.4054004903818687
C Kavanagh,Man City,0.16387634343911361,0.3052598624285498,-0.4054004903818687
C Kavanagh,Man United,0.8216486701572845,1.0720349325430187,0.4924236322963013
C Kavanagh,Tottenham,0.8137237023654993,0.8675615805124937,-0.4054004903818687
C Pawson,Arsenal,1.6220704171275888,1.5832183126193313,1.3902477549744712
C Pawson,Chelsea,1.3605464799986775,1.3787449605888062,3.1858960003308114
C Pawson,Liverpool,1.8360445475057892,1.4298632985964375,-0.4054004903818687
C Pawson,Man City,1.0831726072861958,1.12315327055065,-0.4054004903818687
C Pawson,Man United,2.3353175183882557,2.75894008679485,-0.4054004903818687
C Pawson,Tottenham,2.3273925505964708,2.707821748787219,1.3902477549744712
C Wilkes,Arsenal,-0.438421208736561,-0.4615152076859191,-0.4054004903818687
C Wilkes,Chelsea,-0.565220693405124,-0.5126335456935504,-0.4054004903818687
C Wilkes,Liverpool,-0.4780460476954869,-0.4615152076859191,-0.4054004903818687
C Wilkes,Man City,-0.37502146640227946,-0.15480517964013152,0.4924236322963013
C Wilkes,Man United,-0.565220693405124,-0.5126335456935504,-0.4054004903818687
C Wilkes,Tottenham,-0.4067213375694202,-0.4103968696782878,-0.4054004903818687
C. R. Wilkes,Arsenal,-0.4938959832790573,-0.4615152076859191,-0.4054004903818687
C. R. Wilkes,Chelsea,-0.565220693405124,-0.5126335456935504,-0.4054004903818687
C. R. Wilkes,Liverpool,-0.565220693405124,-0.5126335456935504,-0.4054004903818687
C. R. Wilkes,Man City,-0.565220693405124,-0.5126335456935504,-0.4054004903818687
C. R. Wilkes,Man United,-0.565220693405124,-0.5126335456935504,-0.4054004903818687
C. R. Wilkes,Tottenham,-0.565220693405124,-0.5126335456935504,-0.4054004903818687
Clive Wilkes,Arsenal,-0.4701210799037017,-0.4615152076859191,-0.4054004903818687
Clive Wilkes,Chelsea,-0.4780460476954869,-0.35927853167065654,-0.4054004903818687
Clive Wilkes,Liverpool,-0.565220693405124,-0.5126335456935504,-0.4054004903818687
Clive Wilkes,Man City,-0.4780460476954869,-0.4615152076859191,-0.4054004903818687
Clive Wilkes,Man United,-0.565220693405124,-0.5126335456935504,-0.4054004903818687
Clive Wilkes,Tottenham,-0.3829464341940646,-0.4615152076859191,-0.4054004903818687
D Bond,Arsenal,-0.565220693405124,-0.5126335456935504,-0.4054004903818687
D Bond,Chelsea,-0.565220693405124,-0.5126335456935504,-0.4054004903818687
D Bond,Liverpool,-0.565220693405124,-0.5126335456935504,-0.4054004903818687
D Bond,Man City,-0.4938959832790573,-0.35927853167065654,-0.4054004903818687
D Bond,Man United,-0.565220693405124,-0.5126335456935504,-0.4054004903818687
D Bond,Tottenham,-0.4701210799037017,-0.3081601936630253,-0.4054004903818687
D Coote,Arsenal,0.25105098914875074,0.25414152442091853,0.4924236322963013
D Coote,Chelsea,0.7661738956147882,0.9697982565277561,1.3902477549744712
D Coote,Liverpool,-0.35124656302692386,-0.20592351764776276,-0.4054004903818687
D Coote,Man City,-0.16104733602407925,-0.4103968696782878,-0.4054004903818687
D Coote,Man United,0.052926794354120926,0.04966817239039351,-0.4054004903818687
D Coote,Tottenham,0.48087505511052125,0.7142065664895999,1.3902477549744712
D Elleray,Arsenal,-0.398796369777635,-0.4615152076859191,-0.4054004903818687
D Elleray,Chelsea,-0.4938959832790573,-0.35927853167065654,-0.4054004903818687
D Elleray,Liverpool,-0.5018209510708425,-0.4103968696782878,-0.4054004903818687
D Elleray,Man City,-0.4859710154872721,-0.4103968696782878,-0.4054004903818687
D Elleray,Man United,-0.4859710154872721,-0.4615152076859191,-0.4054004903818687
D Elleray,Tottenham,-0.29577178848442753,-0.4615152076859191,-0.4054004903818687
D England,Arsenal,-0.29577178848442753,-0.3081601936630253,-0.4054004903818687
D England,Chelsea,-0.30369675627621273,-0.15480517964013152,-0.4054004903818687
D England,Liverpool,-0.25614694952550154,-0.0014501656172377455,-0.4054004903818687
D England,Man City,-0.1134975292733681,-0.15480517964013152,0.4924236322963013
D England,Man United,-0.4304962409447758,-0.4615152076859191,-0.4054004903818687
D England,Tottenham,-0.37502146640227946,-0.20592351764776276,-0.4054004903818687
D Gallagher,Arsenal,-0.00254798018837542,-0.35927853167065654,0.4924236322963013
D Gallagher,Chelsea,0.005376987603409772,-0.257041855655394,-0.4054004903818687
D Gallagher,Liverpool,0.03707685877055054,0.04966817239039351,0.4924236322963013
D Gallagher,Man City,0.16387634343911361,-0.0014501656172377455,0.4924236322963013
D Gallagher,Man United,0.23520105356518034,-0.10368684163250026,-0.4054004903818687
D Gallagher,Tottenham,0.24312602135696554,0.2030231864132873,0.4924236322963013
D Pugh,Arsenal,-0.4701210799037017,-0.4615152076859191,-0.4054004903818687
D Pugh,Chelsea,-0.5097459188626277,-0.4615152076859191,-0.4054004903818687
D Pugh,Liverpool,-0.565220693405124,-0.5126335456935504,-0.4054004903818687
D Pugh,Man City,-0.3829464341940646,-0.3081601936630253,-0.4054004903818687
D Pugh,Man United,-0.565220693405124,-0.5126335456935504,-0.4054004903818687
D Pugh,Tottenham,-0.565220693405124,-0.5126335456935504,-0.4054004903818687
"D'Urso, A. P.",Arsenal,-0.3116217240679979,-0.257041855655394,-0.4054004903818687
"D'Urso, A. P.",Chelsea,-0.4621961121119165,-0.35927853167065654,-0.4054004903818687
"D'Urso, A. P.",Liverpool,-0.398796369777635,-0.4103968696782878,-0.4054004903818687
"D'Urso, A. P.",Man City,-0.565220693405124,-0.5126335456935504,-0.4054004903818687
"D'Urso, A. P.",Man United,-0.4304962409447758,-0.4615152076859191,-0.4054004903818687
"D'Urso, A. P.",Tottenham,-0.5018209510708425,-0.5126335456935504,-0.4054004903818687
D. J. Gallagher,Arsenal,-0.565220693405124,-0.5126335456935504,-0.4054004903818687
D. J. Gallagher,Chelsea,-0.4146463053612054,-0.4615152076859191,-0.4054004903818687
D. J. Gallagher,Liverpool,-0.4146463053612054,-0.5126335456935504,-0.4054004903818687
D. J. Gallagher,Man City,-0.565220693405124,-0.5126335456935504,-0.4054004903818687
D. J. Gallagher,Man United,-0.3829464341940646,-0.35927853167065654,-0.4054004903818687
D. J. Gallagher,Tottenham,-0.398796369777635,-0.3081601936630253,-0.4054004903818687
D. R. Elleray,Arsenal,-0.4938959832790573,-0.4103968696782878,-0.4054004903818687
D. R. Elleray,Chelsea,-0.565220693405124,-0.5126335456935504,-0.4054004903818687
D. R. Elleray,Liverpool,-0.565220693405124,-0.5126335456935504,-0.4054004903818687
D. R. Elleray,Man City,-0.565220693405124,-0.5126335456935504,-0.4054004903818687
D. R. Elleray,Man United,-0.4542711443201313,-0.35927853167065654,-0.4054004903818687
D. R. Elleray,Tottenham,-0.4621961121119165,-0.4103968696782878,-0.4054004903818687
D. R. Elleray ,Arsenal,-0.565220693405124,-0.5126335456935504,-0.4054004903818687
D. R. Elleray ,Chelsea,-0.4225712731529906,-0.4615152076859191,-0.4054004903818687
D. R. Elleray ,Liverpool,-0.565220693405124,-0.5126335456935504,-0.4054004903818687
D. R. Elleray ,Man City,-0.565220693405124,-0.5126335456935504,-0.4054004903818687
D. R. Elleray ,Man United,-0.565220693405124,-0.5126335456935504,-0.4054004903818687
D. R. Elleray ,Tottenham,-0.4701210799037017,-0.4103968696782878,1.3902477549744712
David Ellaray,Arsenal,-0.4621961121119165,-0.4615152076859191,-0.4054004903818687
David Ellaray,Chelsea,-0.31954669185978307,-0.3081601936630253,-0.4054004903818687
David Ellaray,Liverpool,-0.31954669185978307,-0.20592351764776276,-0.4054004903818687
David Ellaray,Man City,0.06877672993769131,-0.10368684163250026,0.4924236322963013
David Ellaray,Man United,-0.26407191731728674,-0.35927853167065654,0.4924236322963013
David Ellaray,Tottenham,-0.1293474648569385,-0.15480517964013152,-0.4054004903818687
"Dean, M. L",Arsenal,-0.565220693405124,-0.5126335456935504,-0.4054004903818687
"Dean, M. L",Chelsea,-0.4621961121119165,-0.35927853167065654,-0.4054004903818687
"Dean, M. L",Liverpool,-0.565220693405124,-0.5126335456935504,-0.4054004903818687
"Dean, M. L",Man City,-0.565220693405124,-0.5126335456935504,-0.4054004903818687
"Dean, M. L",Man United,-0.565220693405124,-0.5126335456935504,-0.4054004903818687
"Dean, M. L",Tottenham,-0.5018209510708425,-0.4615152076859191,-0.4054004903818687
Dermot Gallagher,Arsenal,-0.13727243264872369,-0.15480517964013152,-0.4054004903818687
Dermot Gallagher,Chelsea,-0.2165221105665756,-0.15480517964013152,-0.4054004903818687
Dermot Gallagher,Liverpool,-0.22444707835836078,-0.35927853167065654,-0.4054004903818687
Dermot Gallagher,Man City,-0.4701210799037017,-0.5126335456935504,-0.4054004903818687
Dermot Gallagher,Man United,-0.4067213375694202,-0.4615152076859191,-0.4054004903818687
Dermot Gallagher,Tottenham,-0.4225712731529906,-0.4615152076859191,0.4924236322963013
"Dowd, P.",Arsenal,-0.565220693405124,-0.5126335456935504,-0.4054004903818687
"Dowd, P.",Chelsea,-0.565220693405124,-0.5126335456935504,-0.4054004903818687
"Dowd, P.",Liverpool,-0.565220693405124,-0.5126335456935504,-0.4054004903818687
"Dowd, P.",Man City,-0.565220693405124,-0.5126335456935504,-0.4054004903818687
"Dowd, P.",Man United,-0.565220693405124,-0.5126335456935504,-0.4054004903818687
"Dowd, P.",Tottenham,-0.438421208736561,-0.35927853167065654,-0.4054004903818687
"Dunn, S. W.",Arsenal,-0.25614694952550154,-0.257041855655394,-0.4054004903818687
"Dunn, S. W.",Chelsea,-0.4621961121119165,-0.5126335456935504,-0.4054004903818687
"Dunn, S. W.",Liverpool,-0.33539662744335347,-0.4615152076859191,-0.4054004903818687
"Dunn, S. W.",Man City,-0.565220693405124,-0.5126335456935504,-0.4054004903818687
"Dunn, S. W.",Man United,-0.35917153081870906,-0.4615152076859191,-0.4054004903818687
"Dunn, S. W.",Tottenham,-0.565220693405124,-0.5126335456935504,-0.4054004903818687
"Durkin, P. A.",Arsenal,-0.2165221105665756,-0.20592351764776276,0.4924236322963013
"Durkin, P. A.",Chelsea,-0.4859710154872721,-0.4615152076859191,-0.4054004903818687
"Durkin, P. A.",Liverpool,-0.4701210799037017,-0.4615152076859191,-0.4054004903818687
"Durkin, P. A.",Man City,-0.565220693405124,-0.5126335456935504,-0.4054004903818687
"Durkin, P. A.",Man United,-0.398796369777635,-0.3081601936630253,-0.4054004903818687
"Durkin, P. A.",Tottenham,-0.4621961121119165,-0.4103968696782878,-0.4054004903818687
E Wolstenholme,Arsenal,-0.4859710154872721,-0.35927853167065654,-0.4054004903818687
E Wolstenholme,Chelsea,-0.4304962409447758,-0.20592351764776276,-0.4054004903818687
E Wolstenholme,Liverpool,-0.5097459188626277,-0.5126335456935504,-0.4054004903818687
E Wolstenholme,Man City,-0.565220693405124,-0.5126335456935504,-0.4054004903818687
E Wolstenholme,Man United,-0.565220693405124,-0.5126335456935504,-0.4054004903818687
E Wolstenholme,Tottenham,-0.438421208736561,-0.5126335456935504,-0.4054004903818687
"Elleray, D. R.",Arsenal,-0.4938959832790573,-0.5126335456935504,-0.4054004903818687
"Elleray, D. R.",Chelsea,-0.5176708866544129,-0.5126335456935504,-0.4054004903818687
"Elleray, D. R.",Liverpool,-0.4938959832790573,-0.5126335456935504,-0.4054004903818687
"Elleray, D. R.",Man City,-0.565220693405124,-0.5126335456935504,-0.4054004903818687
"Elleray, D. R.",Man United,-0.4938959832790573,-0.4103968696782878,-0.4054004903818687
"Elleray, D. R.",Tottenham,-0.5176708866544129,-0.5126335456935504,-0.4054004903818687
G Barber,Arsenal,0.029151890978765346,-0.15480517964013152,-0.4054004903818687
G Barber,Chelsea,-0.05802275473087176,-0.20592351764776276,-0.4054004903818687
G Barber,Liverpool,-0.17689727160764965,-0.257041855655394,-0.4054004903818687
G Barber,Man City,-0.2006721749830052,-0.4615152076859191,-0.4054004903818687
G Barber,Man United,-0.31954669185978307,-0.4103968696782878,-0.4054004903818687
G Barber,Tottenham,-0.31954669185978307,-0.4103968696782878,0.4924236322963013
G Poll,Arsenal,1.6775451916700852,0.8675615805124937,-0.4054004903818687
G Poll,Chelsea,1.6933951272536556,1.5320999746116999,0.4924236322963013
G Poll,Liverpool,1.2020471241629738,0.6630882284819686,-0.4054004903818687
G Poll,Man City,0.8850484124915661,0.8164432425048623,1.3902477549744712
G Poll,Man United,1.8043446763386484,1.6343366506269625,1.3902477549744712
G Poll,Tottenham,0.591824604195514,0.3052598624285498,0.4924236322963013
G Scott,Arsenal,0.13217647227197285,0.10078651039802476,1.3902477549744712
G Scott,Chelsea,-0.23237204615014598,-0.3081601936630253,-0.4054004903818687
G Scott,Liverpool,-0.35917153081870906,-0.5126335456935504,-0.4054004903818687
G Scott,Man City,-0.23237204615014598,-0.35927853167065654,0.4924236322963013
G Scott,Man United,-0.08972262589801253,-0.257041855655394,-0.4054004903818687
G Scott,Tottenham,0.40955034498445453,0.45861487645144355,0.4924236322963013
G. P. Barber,Arsenal,-0.34332159523513867,-0.3081601936630253,0.4924236322963013
G. P. Barber,Chelsea,-0.565220693405124,-0.5126335456935504,-0.4054004903818687
G. P. Barber,Liverpool,-0.27199688510907194,-0.20592351764776276,-0.4054004903818687
G. P. Barber,Man City,-0.565220693405124,-0.5126335456935504,-0.4054004903818687
G. P. Barber,Man United,-0.4780460476954869,-0.5126335456935504,-0.4054004903818687
G. P. Barber,Tottenham,-0.565220693405124,-0.5126335456935504,-0.4054004903818687
G. P. Barber ,Arsenal,-0.565220693405124,-0.5126335456935504,-0.4054004903818687
G. P. Barber ,Chelsea,-0.565220693405124,-0.5126335456935504,-0.4054004903818687
G. P. Barber ,Liverpool,-0.565220693405124,-0.5126335456935504,-0.4054004903818687
G. P. Barber ,Man City,-0.565220693405124,-0.5126335456935504,-0.4054004903818687
G. P. Barber ,Man United,-0.4701210799037017,-0.4103968696782878,-0.4054004903818687
G. P. Barber ,Tottenham,-0.565220693405124,-0.5126335456935504,-0.4054004903818687
G. Poll,Arsenal,-0.4859710154872721,-0.35927853167065654,0.4924236322963013
G. Poll,Chelsea,-0.35124656302692386,-0.3081601936630253,0.4924236322963013
G. Poll,Liverpool,-0.4938959832790573,-0.5126335456935504,-0.4054004903818687
G. Poll,Man City,-0.565220693405124,-0.5126335456935504,-0.4054004903818687
G. Poll,Man United,-0.34332159523513867,-0.5126335456935504,-0.4054004903818687
G. Poll,Tottenham,-0.565220693405124,-0.5126335456935504,-0.4054004903818687
G. Poll ,Arsenal,-0.565220693405124,-0.5126335456935504,-0.4054004903818687
G. Poll ,Chelsea,-0.565220693405124,-0.5126335456935504,-0.4054004903818687
G. Poll ,Liverpool,-0.4780460476954869,-0.4103968696782878,-0.4054004903818687
G. Poll ,Man City,-0.565220693405124,-0.5126335456935504,-0.4054004903818687
G. Poll ,Man United,-0.565220693405124,-0.5126335456935504,-0.4054004903818687
G. Poll ,Tottenham,-0.565220693405124,-0.5126335456935504,-0.4054004903818687
"Gallagher, D. J.",Arsenal,-0.33539662744335347,-0.4103968696782878,0.4924236322963013
"Gallagher, D. J.",Chelsea,-0.565220693405124,-0.5126335456935504,-0.4054004903818687
"Gallagher, D. J.",Liverpool,-0.4304962409447758,-0.35927853167065654,-0.4054004903818687
"Gallagher, D. J.",Man City,-0.565220693405124,-0.5126335456935504,-0.4054004903818687
"Gallagher, D. J.",Man United,-0.5018209510708425,-0.4103968696782878,-0.4054004903818687
"Gallagher, D. J.",Tottenham,-0.565220693405124,-0.5126335456935504,-0.4054004903818687
Graham Barber,Arsenal,-0.2085971427747904,-0.20592351764776276,-0.4054004903818687
Graham Barber,Chelsea,-0.2006721749830052,-0.20592351764776276,-0.4054004903818687
Graham Barber,Liverpool,-0.05009778693908657,-0.15480517964013152,-0.4054004903818687
Graham Barber,Man City,-0.4304962409447758,-0.3081601936630253,-0.4054004903818687
Graham Barber,Man United,-0.26407191731728674,-0.10368684163250026,-0.4054004903818687
Graham Barber,Tottenham,-0.4542711443201313,-0.4103968696782878,0.4924236322963013
Graham Poll,Arsenal,-0.27199688510907194,-0.35927853167065654,0.4924236322963013
Graham Poll,Chelsea,-0.24822198173371637,-0.15480517964013152,-0.4054004903818687
Graham Poll,Liverpool,-0.34332159523513867,-0.257041855655394,2.288071877652641
Graham Poll,Man City,-0.37502146640227946,-0.4103968696782878,-0.4054004903818687
Graham Poll,Man United,-0.15312236823229405,-0.20592351764776276,0.4924236322963013
Graham Poll,Tottenham,-0.398796369777635,-0.4615152076859191,-0.4054004903818687
H Webb,Arsenal,2.382867325138967,3.014531776833006,3.1858960003308114
H Webb,Chelsea,2.628541326684308,3.321241804878794,-0.4054004903818687
H Webb,Liverpool,2.7315659079775156,1.8388100026574874,0.4924236322963013
H Webb,Man City,1.828119579714004,1.6343366506269625,0.4924236322963013
H Webb,Man United,2.890065263813219,3.321241804878794,2.288071877652641
H Webb,Tottenham,2.137193323593626,1.4809816366040687,1.3902477549744712
"Halsey, M. R.",Arsenal,-0.26407191731728674,-0.35927853167065654,-0.4054004903818687
"Halsey, M. R.",Chelsea,-0.4621961121119165,-0.4615152076859191,-0.4054004903818687
"Halsey, M. R.",Liverpool,-0.4304962409447758,-0.4615152076859191,-0.4054004903818687
"Halsey, M. R.",Man City,-0.565220693405124,-0.5126335456935504,-0.4054004903818687
"Halsey, M. R.",Man United,-0.5018209510708425,-0.4103968696782878,-0.4054004903818687
"Halsey, M. R.",Tottenham,-0.4304962409447758,-0.3081601936630253,-0.4054004903818687
Ian Harris,Arsenal,-0.565220693405124,-0.5126335456935504,-0.4054004903818687
Ian Harris,Chelsea,-0.565220693405124,-0.5126335456935504,-0.4054004903818687
Ian Harris,Liverpool,-0.565220693405124,-0.5126335456935504,-0.4054004903818687
Ian Harris,Man City,-0.565220693405124,-0.5126335456935504,-0.4054004903818687
Ian Harris,Man United,-0.4701210799037017,-0.5126335456935504,-0.4054004903818687
Ian Harris,Tottenham,-0.565220693405124,-0.5126335456935504,-0.4054004903818687
J Brooks,Arsenal,-0.31954669185978307,-0.20592351764776276,-0.4054004903818687
J Brooks,Chelsea,-0.2085971427747904,0.10078651039802476,-0.4054004903818687
J Brooks,Liverpool,-0.19274720719122002,-0.0014501656172377455,0.4924236322963013
J Brooks,Man City,-0.16897230381586445,-0.257041855655394,-0.4054004903818687
J Brooks,Man United,-0.1293474648569385,0.04966817239039351,-0.4054004903818687
J Brooks,Tottenham,-0.13727243264872369,0.2030231864132873,0.4924236322963013
J Gillett,Arsenal,-0.1134975292733681,0.10078651039802476,-0.4054004903818687
J Gillett,Chelsea,-0.16897230381586445,-0.0014501656172377455,-0.4054004903818687
J Gillett,Liverpool,-0.565220693405124,-0.5126335456935504,-0.4054004903818687
J Gillett,Man City,-0.3116217240679979,-0.10368684163250026,-0.4054004903818687
J Gillett,Man United,-0.17689727160764965,-0.052568503624869,-0.4054004903818687
J Gillett,Tottenham,0.14802640785554322,0.6119698904743374,0.4924236322963013
J Gillett ,Arsenal,-0.565220693405124,-0.5126335456935504,-0.4054004903818687
J Gillett ,Chelsea,-0.565220693405124,-0.5126335456935504,-0.4054004903818687
J Gillett ,Liverpool,-0.565220693405124,-0.5126335456935504,-0.4054004903818687
J Gillett ,Man City,-0.565220693405124,-0.5126335456935504,-0.4054004903818687
J Gillett ,Man United,-0.5018209510708425,-0.4615152076859191,-0.4054004903818687
J Gillett ,Tottenham,-0.565220693405124,-0.5126335456935504,-0.4054004903818687
J Moss,Arsenal,1.6933951272536556,1.5320999746116999,2.288071877652641
J Moss,Chelsea,1.6458453205029444,2.2988750447261688,0.4924236322963013
J Moss,Liverpool,1.5111208680425963,0.560851552466706,2.288071877652641
J Moss,Man City,1.6220704171275888,1.3787449605888062,0.4924236322963013
J Moss,Man United,2.858365392646079,2.707821748787219,1.3902477549744712
J Moss,Tottenham,2.0658686134675595,1.6854549886345938,2.288071877652641
J Smith,Arsenal,-0.4859710154872721,-0.4615152076859191,-0.4054004903818687
J Smith,Chelsea,-0.565220693405124,-0.5126335456935504,-0.4054004903818687
J Smith,Liverpool,-0.565220693405124,-0.5126335456935504,-0.4054004903818687
J Smith,Man City,-0.565220693405124,-0.5126335456935504,-0.4054004903818687
J Smith,Man United,-0.565220693405124,-0.5126335456935504,-0.4054004903818687
J Smith,Tottenham,-0.565220693405124,-0.5126335456935504,-0.4054004903818687
J Winter,Arsenal,-0.28784682069264234,-0.35927853167065654,-0.4054004903818687
J Winter,Chelsea,0.013301955395194964,-0.20592351764776276,-0.4054004903818687
J Winter,Liverpool,-0.1293474648569385,-0.35927853167065654,-0.4054004903818687
J Winter,Man City,-0.1134975292733681,-0.20592351764776276,-0.4054004903818687
J Winter,Man United,-0.3829464341940646,-0.4615152076859191,-0.4054004903818687
J Winter,Tottenham,-0.026322883563730994,-0.257041855655394,0.4924236322963013
J. T. Winter,Arsenal,-0.438421208736561,-0.4615152076859191,-0.4054004903818687
J. T. Winter,Chelsea,-0.4938959832790573,-0.5126335456935504,-0.4054004903818687
J. T. Winter,Liverpool,-0.32747165965156827,-0.4615152076859191,-0.4054004903818687
J. T. Winter,Man City,-0.565220693405124,-0.5126335456935504,-0.4054004903818687
J. T. Winter,Man United,-0.4859710154872721,-0.35927853167065654,-0.4054004903818687
J. T. Winter,Tottenham,-0.29577178848442753,-0.257041855655394,-0.4054004903818687
J. T. Winter ,Arsenal,-0.34332159523513867,-0.3081601936630253,-0.4054004903818687
J. T. Winter ,Chelsea,-0.565220693405124,-0.5126335456935504,-0.4054004903818687
J. T. Winter ,Liverpool,-0.565220693405124,-0.5126335456935504,-0.4054004903818687
J. T. Winter ,Man City,-0.565220693405124,-0.5126335456935504,-0.4054004903818687
J. T. Winter ,Man United,-0.565220693405124,-0.5126335456935504,-0.4054004903818687
J. T. Winter ,Tottenham,-0.565220693405124,-0.5126335456935504,-0.4054004903818687
Jeff Winter,Arsenal,-0.4542711443201313,-0.4615152076859191,-0.4054004903818687
Jeff Winter,Chelsea,-0.26407191731728674,-0.15480517964013152,0.4924236322963013
Jeff Winter,Liverpool,-0.29577178848442753,-0.3081601936630253,-0.4054004903818687
Jeff Winter,Man City,-0.2165221105665756,-0.3081601936630253,-0.4054004903818687
Jeff Winter,Man United,-0.23237204615014598,-0.257041855655394,-0.4054004903818687
Jeff Winter,Tottenham,-0.2006721749830052,-0.3081601936630253,-0.4054004903818687
"Jones, P.",Arsenal,-0.565220693405124,-0.5126335456935504,-0.4054004903818687
"Jones, P.",Chelsea,-0.4701210799037017,-0.4615152076859191,-0.4054004903818687
"Jones, P.",Liverpool,-0.4780460476954869,-0.4615152076859191,-0.4054004903818687
"Jones, P.",Man City,-0.565220693405124,-0.5126335456935504,-0.4054004903818687
"Jones, P.",Man United,-0.4780460476954869,-0.4615152076859191,-0.4054004903818687
"Jones, P.",Tottenham,-0.36709649861049426,-0.3081601936630253,-0.4054004903818687
K Friend,Arsenal,0.9484481548258475,1.2765082845735436,-0.4054004903818687
K Friend,Chelsea,1.6696202238783,1.2253899465659124,-0.4054004903818687
K Friend,Liverpool,1.9786939677579225,1.4809816366040687,1.3902477549744712
K Friend,Man City,1.2258220275383294,1.327626622581175,-0.4054004903818687
K Friend,Man United,1.130722414036907,1.0720349325430187,-0.4054004903818687
K Friend,Tottenham,1.5507457070015223,1.6343366506269625,-0.4054004903818687
K Stroud,Arsenal,-0.4701210799037017,-0.4615152076859191,-0.4054004903818687
K Stroud,Chelsea,-0.565220693405124,-0.5126335456935504,-0.4054004903818687
K Stroud,Liverpool,-0.565220693405124,-0.5126335456935504,-0.4054004903818687
K Stroud,Man City,-0.398796369777635,-0.4103968696782878,-0.4054004903818687
K Stroud,Man United,-0.565220693405124,-0.5126335456935504,-0.4054004903818687
K Stroud,Tottenham,-0.4938959832790573,-0.5126335456935504,-0.4054004903818687
"Knight, B.",Arsenal,-0.565220693405124,-0.5126335456935504,-0.4054004903818687
"Knight, B.",Chelsea,-0.398796369777635,-0.35927853167065654,-0.4054004903818687
"Knight, B.",Liverpool,-0.4938959832790573,-0.4615152076859191,-0.4054004903818687
"Knight, B.",Man City,-0.565220693405124,-0.5126335456935504,-0.4054004903818687
"Knight, B.",Man United,-0.565220693405124,-0.5126335456935504,-0.4054004903818687
"Knight, B.",Tottenham,-0.565220693405124,-0.5126335456935504,-0.4054004903818687
L Mason,Arsenal,1.5269708036261667,1.5832183126193313,0.4924236322963013
L Mason,Chelsea,1.5111208680425963,1.327626622581175,0.4924236322963013
L Mason,Liverpool,1.5111208680425963,1.2253899465659124,2.288071877652641
L Mason,Man City,1.748869901796152,1.5832183126193313,2.288071877652641
L Mason,Man United,1.1148724784533366,1.0209165945353873,1.3902477549744712
L Mason,Tottenham,0.9405231870340625,0.7653249044972311,1.3902477549744712
L Probert,Arsenal,0.25897595694053593,-0.15480517964013152,0.4924236322963013
L Probert,Chelsea,0.40955034498445453,0.25414152442091853,-0.4054004903818687
L Probert,Liverpool,0.4016253771926694,0.04966817239039351,-0.4054004903818687
L Probert,Man City,0.4729500873187361,0.45861487645144355,0.4924236322963013
L Probert,Man United,0.385775441609099,-0.052568503624869,0.4924236322963013
L Probert,Tottenham,0.49672499069409165,0.3052598624285498,0.4924236322963013
M Atkinson,Arsenal,3.74596178532602,3.9857801989780004,5.879368368365321
M Atkinson,Chelsea,3.0247897162735677,2.912295100817744,2.288071877652641
M Atkinson,Liverpool,4.364109273085265,3.6790701709322127,4.083720123008981
M Atkinson,Man City,3.785586624284946,4.241371889016157,2.288071877652641
M Atkinson,Man United,3.7697366887013755,3.8324251849551065,2.288071877652641
M Atkinson,Tottenham,3.1040393941914197,3.014531776833006,3.1858960003308114
M Clattenburg,Arsenal,2.303617647221115,2.145520030703275,0.4924236322963013
M Clattenburg,Chelsea,1.994543903341493,1.7876916646498562,2.288071877652641
M Clattenburg,Liverpool,1.5269708036261667,1.4298632985964375,0.4924236322963013
M Clattenburg,Man City,2.628541326684308,2.707821748787219,4.083720123008981
M Clattenburg,Man United,2.3590924217636116,2.0432833546880125,4.981544245687151
M Clattenburg,Tottenham,2.6364662944760933,2.554466734764325,0.4924236322963013
M Dean,Arsenal,4.601858306838821,5.672685353229832,4.981544245687151
M Dean,Chelsea,5.291330504724132,6.081632057290882,7.675016613721661
M Dean,Liverpool,0.4016253771926694,0.10078651039802476,-0.4054004903818687
M Dean,Man City,5.37850515043377,5.672685353229832,8.572840736399831
M Dean,Man United,5.6875788943133925,6.030513719283251,3.1858960003308114
M Dean,Tottenham,4.720732823715599,5.263738649168782,4.083720123008981
M Halsey,Arsenal,0.9246732514504921,0.3052598624285498,2.288071877652641
M Halsey,Chelsea,1.962844032174352,1.5832183126193313,1.3902477549744712
M Halsey,Liverpool,1.8043446763386484,0.6119698904743374,1.3902477549744712
M Halsey,Man City,1.1386473818286922,0.3052598624285498,0.4924236322963013
M Halsey,Man United,1.590370545960448,0.6119698904743374,-0.4054004903818687
M Halsey,Tottenham,1.0831726072861958,0.560851552466706,1.3902477549744712
M Jones,Arsenal,0.9722230582012031,0.9186799185201249,0.4924236322963013
M Jones,Chelsea,0.9801480259929883,0.6119698904743374,1.3902477549744712
M Jones,Liverpool,0.3778504738173138,0.3052598624285498,1.3902477549744712
M Jones,Man City,1.0990225428697662,0.6630882284819686,3.1858960003308114
M Jones,Man United,0.8771234446997809,0.35637820043618107,-0.4054004903818687
M Jones,Tottenham,1.1069475106615514,1.12315327055065,0.4924236322963013
M Messias,Arsenal,-0.5018209510708425,-0.4615152076859191,-0.4054004903818687
M Messias,Chelsea,-0.23237204615014598,-0.20592351764776276,-0.4054004903818687
M Messias,Liverpool,-0.4701210799037017,-0.5126335456935504,-0.4054004903818687
M Messias,Man City,-0.010472947980160612,-0.10368684163250026,0.4924236322963013
M Messias,Man United,-0.32747165965156827,-0.35927853167065654,0.4924236322963013
M Messias,Tottenham,-0.4701210799037017,-0.4615152076859191,-0.4054004903818687
M Oliver,Arsenal,3.9757858512877906,4.241371889016157,4.981544245687151
M Oliver,Chelsea,3.048564619648923,2.707821748787219,1.3902477549744712
M Oliver,Liverpool,3.8965361733699386,3.5768334949169502,0.4924236322963013
M Oliver,Man City,2.993089845106427,2.8100584248024814,-0.4054004903818687
M Oliver,Man United,3.1357392653585605,3.4234784808940564,2.288071877652641
M Oliver,Tottenham,3.5636875261149608,3.6279518329245817,4.083720123008981
M Riley,Arsenal,1.336771576623322,0.7653249044972311,0.4924236322963013
M Riley,Chelsea,1.748869901796152,1.5320999746116999,3.1858960003308114
M Riley,Liverpool,1.9469940965907817,1.94104667867275,0.4924236322963013
M Riley,Man City,1.051472736119055,0.7142065664895999,0.4924236322963013
M Riley,Man United,1.7805697729632928,1.5832183126193313,0.4924236322963013
M Riley,Tottenham,0.7661738956147882,0.8164432425048623,0.4924236322963013
M Salisbury,Arsenal,-0.4859710154872721,-0.4615152076859191,-0.4054004903818687
M Salisbury,Chelsea,-0.35124656302692386,-0.257041855655394,0.4924236322963013
M Salisbury,Liverpool,-0.565220693405124,-0.5126335456935504,-0.4054004903818687
M Salisbury,Man City,-0.5335208222379832,-0.4103968696782878,-0.4054004903818687
M Salisbury,Man United,-0.4067213375694202,-0.5126335456935504,-0.4054004903818687
M Salisbury,Tottenham,-0.34332159523513867,-0.20592351764776276,-0.4054004903818687
M. A. Riley,Arsenal,-0.27992185290085714,-0.20592351764776276,-0.4054004903818687
M. A. Riley,Chelsea,-0.565220693405124,-0.5126335456935504,-0.4054004903818687
M. A. Riley,Liverpool,-0.4859710154872721,-0.5126335456935504,-0.4054004903818687
M. A. Riley,Man City,-0.565220693405124,-0.5126335456935504,-0.4054004903818687
M. A. Riley,Man United,-0.565220693405124,-0.5126335456935504,-0.4054004903818687
M. A. Riley,Tottenham,-0.565220693405124,-0.5126335456935504,-0.4054004903818687
M. A. Riley ,Arsenal,-0.4067213375694202,-0.257041855655394,-0.4054004903818687
M. A. Riley ,Chelsea,-0.4067213375694202,-0.4615152076859191,0.4924236322963013
M. A. Riley ,Liverpool,-0.565220693405124,-0.5126335456935504,-0.4054004903818687
M. A. Riley ,Man City,-0.565220693405124,-0.5126335456935504,-0.4054004903818687
M. A. Riley ,Man United,-0.565220693405124,-0.5126335456935504,-0.4054004903818687
M. A. Riley ,Tottenham,-0.565220693405124,-0.5126335456935504,-0.4054004903818687
M. L Dean,Arsenal,-0.565220693405124,-0.5126335456935504,-0.4054004903818687
M. L Dean,Chelsea,-0.565220693405124,-0.5126335456935504,-0.4054004903818687
M. L Dean,Liverpool,-0.565220693405124,-0.5126335456935504,-0.4054004903818687
M. L Dean,Man City,-0.565220693405124,-0.5126335456935504,-0.4054004903818687
M. L Dean,Man United,-0.565220693405124,-0.5126335456935504,-0.4054004903818687
M. L Dean,Tottenham,-0.4780460476954869,-0.5126335456935504,-0.4054004903818687
M. R. Halsey,Arsenal,-0.4938959832790573,-0.35927853167065654,-0.4054004903818687
M. R. Halsey,Chelsea,-0.35917153081870906,-0.257041855655394,-0.4054004903818687
M. R. Halsey,Liverpool,-0.3829464341940646,-0.257041855655394,-0.4054004903818687
M. R. Halsey,Man City,-0.565220693405124,-0.5126335456935504,-0.4054004903818687
M. R. Halsey,Man United,-0.5018209510708425,-0.4615152076859191,-0.4054004903818687
M. R. Halsey,Tottenham,-0.4780460476954869,-0.5126335456935504,-0.4054004903818687
Mark Halsey,Arsenal,-0.565220693405124,-0.5126335456935504,-0.4054004903818687
Mark Halsey,Chelsea,-0.34332159523513867,-0.4103968696782878,-0.4054004903818687
Mark Halsey,Liverpool,-0.37502146640227946,-0.4103968696782878,-0.4054004903818687
Mark Halsey,Man City,-0.4701210799037017,-0.4615152076859191,-0.4054004903818687
Mark Halsey,Man United,-0.565220693405124,-0.5126335456935504,-0.4054004903818687
Mark Halsey,Tottenham,-0.4780460476954869,-0.4615152076859191,-0.4054004903818687
Mark Halsey ,Arsenal,-0.565220693405124,-0.5126335456935504,-0.4054004903818687
Mark Halsey ,Chelsea,-0.565220693405124,-0.5126335456935504,-0.4054004903818687
Mark Halsey ,Liverpool,-0.565220693405124,-0.5126335456935504,-0.4054004903818687
Mark Halsey ,Man City,-0.565220693405124,-0.5126335456935504,-0.4054004903818687
Mark Halsey ,Man United,-0.5018209510708425,-0.4615152076859191,-0.4054004903818687
Mark Halsey ,Tottenham,-0.565220693405124,-0.5126335456935504,-0.4054004903818687
Matt Messias,Arsenal,-0.565220693405124,-0.5126335456935504,-0.4054004903818687
Matt Messias,Chelsea,-0.565220693405124,-0.5126335456935504,-0.4054004903818687
Matt Messias,Liverpool,-0.565220693405124,-0.5126335456935504,-0.4054004903818687
Matt Messias,Man City,-0.565220693405124,-0.5126335456935504,-0.4054004903818687
Matt Messias,Man United,-0.565220693405124,-0.5126335456935504,-0.4054004903818687
Matt Messias,Tottenham,-0.4304962409447758,-0.5126335456935504,-0.4054004903818687
"Messias, M. D.",Arsenal,-0.565220693405124,-0.5126335456935504,-0.4054004903818687
"Messias, M. D.",Chelsea,-0.565220693405124,-0.5126335456935504,-0.4054004903818687
"Messias, M. D.",Liverpool,-0.565220693405124,-0.5126335456935504,-0.4054004903818687
"Messias, M. D.",Man City,-0.565220693405124,-0.5126335456935504,-0.4054004903818687
"Messias, M. D.",Man United,-0.565220693405124,-0.5126335456935504,-0.4054004903818687
"Messias, M. D.",Tottenham,-0.438421208736561,-0.3081601936630253,-0.4054004903818687
Mike Dean,Arsenal,-0.33539662744335347,-0.257041855655394,-0.4054004903818687
Mike Dean,Chelsea,-0.4701210799037017,-0.35927853167065654,-0.4054004903818687
Mike Dean,Liverpool,-0.565220693405124,-0.5126335456935504,-0.4054004903818687
Mike Dean,Man City,-0.31954669185978307,-0.257041855655394,-0.4054004903818687
Mike Dean,Man United,-0.565220693405124,-0.5126335456935504,-0.4054004903818687
Mike Dean,Tottenham,-0.3829464341940646,-0.35927853167065654,-0.4054004903818687
Mike Riley,Arsenal,-0.14519740044050888,-0.3081601936630253,-0.4054004903818687
Mike Riley,Chelsea,-0.29577178848442753,-0.257041855655394,-0.4054004903818687
Mike Riley,Liverpool,-0.28784682069264234,-0.35927853167065654,-0.4054004903818687
Mike Riley,Man City,-0.27199688510907194,-0.20592351764776276,-0.4054004903818687
Mike Riley,Man United,-0.25614694952550154,-0.20592351764776276,0.4924236322963013
Mike Riley,Tottenham,-0.565220693405124,-0.5126335456935504,-0.4054004903818687
Mn Atkinson,Arsenal,-0.565220693405124,-0.5126335456935504,-0.4054004903818687
Mn Atkinson,Chelsea,-0.4621961121119165,-0.35927853167065654,-0.4054004903818687
Mn Atkinson,Liverpool,-0.565220693405124,-0.5126335456935504,-0.4054004903818687
Mn Atkinson,Man City,-0.565220693405124,-0.5126335456935504,-0.4054004903818687
Mn Atkinson,Man United,-0.4463461765283462,-0.35927853167065654,-0.4054004903818687
Mn Atkinson,Tottenham,-0.565220693405124,-0.5126335456935504,-0.4054004903818687
N Barry,Arsenal,0.052926794354120926,0.15190484840565602,-0.4054004903818687
N Barry,Chelsea,-0.25614694952550154,-0.257041855655394,-0.4054004903818687
N Barry,Liverpool,0.013301955395194964,-0.15480517964013152,-0.4054004903818687
N Barry,Man City,0.20350118239803958,0.10078651039802476,0.4924236322963013
N Barry,Man United,-0.03424785135551619,-0.257041855655394,-0.4054004903818687
N Barry,Tottenham,0.17972627902268398,0.04966817239039351,-0.4054004903818687
N Swarbrick,Arsenal,0.13217647227197285,0.25414152442091853,-0.4054004903818687
N Swarbrick,Chelsea,0.29860079589946187,0.10078651039802476,-0.4054004903818687
N Swarbrick,Liverpool,0.4412502161515953,0.5097332144590748,-0.4054004903818687
N Swarbrick,Man City,0.10047660110483207,0.3052598624285498,-0.4054004903818687
N Swarbrick,Man United,0.346150602650173,0.4074965384438123,-0.4054004903818687
N Swarbrick,Tottenham,0.32237569927481746,0.15190484840565602,-0.4054004903818687
N. S. Barry,Arsenal,-0.565220693405124,-0.5126335456935504,-0.4054004903818687
N. S. Barry,Chelsea,-0.4463461765283462,-0.35927853167065654,-0.4054004903818687
N. S. Barry,Liverpool,-0.565220693405124,-0.5126335456935504,-0.4054004903818687
N. S. Barry,Man City,-0.565220693405124,-0.5126335456935504,-0.4054004903818687
N. S. Barry,Man United,-0.4542711443201313,-0.5126335456935504,-0.4054004903818687
N. S. Barry,Tottenham,-0.4225712731529906,-0.35927853167065654,-0.4054004903818687
Neale Barry,Arsenal,-0.5018209510708425,-0.5126335456935504,-0.4054004903818687
Neale Barry,Chelsea,-0.565220693405124,-0.5126335456935504,-0.4054004903818687
Neale Barry,Liverpool,-0.37502146640227946,-0.4103968696782878,-0.4054004903818687
Neale Barry,Man City,-0.4859710154872721,-0.4103968696782878,-0.4054004903818687
Neale Barry,Man United,-0.31954669185978307,-0.4103968696782878,-0.4054004903818687
Neale Barry,Tottenham,-0.15312236823229405,-0.35927853167065654,-0.4054004903818687
O Langford,Arsenal,-0.565220693405124,-0.5126335456935504,-0.4054004903818687
O Langford,Chelsea,-0.4938959832790573,-0.4615152076859191,-0.4054004903818687
O Langford,Liverpool,-0.565220693405124,-0.5126335456935504,-0.4054004903818687
O Langford,Man City,-0.565220693405124,-0.5126335456935504,-0.4054004903818687
O Langford,Man United,-0.565220693405124,-0.5126335456935504,-0.4054004903818687
O Langford,Tottenham,-0.565220693405124,-0.5126335456935504,-0.4054004903818687
P Bankes,Arsenal,-0.18482223939943482,-0.257041855655394,-0.4054004903818687
P Bankes,Chelsea,0.08462666552126169,0.35637820043618107,-0.4054004903818687
P Bankes,Liverpool,-0.565220693405124,-0.5126335456935504,-0.4054004903818687
P Bankes,Man City,-0.36709649861049426,-0.15480517964013152,0.4924236322963013
P Bankes,Man United,-0.29577178848442753,-0.052568503624869,-0.4054004903818687
P Bankes,Tottenham,-0.07387269031444214,0.3052598624285498,-0.4054004903818687
P Dowd,Arsenal,1.6220704171275888,1.7876916646498562,1.3902477549744712
P Dowd,Chelsea,2.3115426150129004,2.0432833546880125,4.981544245687151
P Dowd,Liverpool,3.413113138071042,3.014531776833006,2.288071877652641
P Dowd,Man City,2.533441713182886,2.5033483967566936,2.288071877652641
P Dowd,Man United,2.050018677883989,2.094401692695644,4.981544245687151
P Dowd,Tottenham,2.4145671963061077,2.1966383687109063,3.1858960003308114
P Durkin,Arsenal,0.1718013112308988,-0.052568503624869,0.4924236322963013
P Durkin,Chelsea,0.03707685877055054,-0.3081601936630253,-0.4054004903818687
P Durkin,Liverpool,-0.07387269031444214,-0.20592351764776276,-0.4054004903818687
P Durkin,Man City,-0.16104733602407925,-0.4103968696782878,-0.4054004903818687
P Durkin,Man United,-0.06594772252265696,-0.257041855655394,-0.4054004903818687
P Durkin,Tottenham,-0.31954669185978307,-0.4103968696782878,-0.4054004903818687
P Tierney,Arsenal,1.0197728649519142,1.2765082845735436,2.288071877652641
P Tierney,Chelsea,1.130722414036907,0.8164432425048623,1.3902477549744712
P Tierney,Liverpool,1.9707689999661373,1.8899283406651188,1.3902477549744712
P Tierney,Man City,1.0990225428697662,1.0209165945353873,-0.4054004903818687
P Tierney,Man United,1.091097575077981,1.3787449605888062,-0.4054004903818687
P Tierney,Tottenham,0.9246732514504921,1.0720349325430187,-0.4054004903818687
P Walton,Arsenal,0.2669009247323211,0.25414152442091853,0.4924236322963013
P Walton,Chelsea,0.5125749262776621,0.560851552466706,1.3902477549744712
P Walton,Liverpool,1.0356228005354846,0.7142065664895999,-0.4054004903818687
P Walton,Man City,0.4333252483598101,0.560851552466706,1.3902477549744712
P Walton,Man United,0.7027741532805066,0.4074965384438123,0.4924236322963013
P Walton,Tottenham,0.3937004094008842,0.2030231864132873,0.4924236322963013
P. A. Durkin,Arsenal,-0.565220693405124,-0.5126335456935504,-0.4054004903818687
P. A. Durkin,Chelsea,-0.4304962409447758,-0.35927853167065654,-0.4054004903818687
P. A. Durkin,Liverpool,-0.565220693405124,-0.5126335456935504,-0.4054004903818687
P. A. Durkin,Man City,-0.565220693405124,-0.5126335456935504,-0.4054004903818687
P. A. Durkin,Man United,-0.4225712731529906,-0.257041855655394,-0.4054004903818687
P. A. Durkin,Tottenham,-0.37502146640227946,-0.4103968696782878,-0.4054004903818687
P. Jones,Arsenal,-0.4701210799037017,-0.4103968696782878,-0.4054004903818687
P. Jones,Chelsea,-0.565220693405124,-0.5126335456935504,-0.4054004903818687
P. Jones,Liverpool,-0.4621961121119165,-0.4615152076859191,0.4924236322963013
P. Jones,Man City,-0.565220693405124,-0.5126335456935504,-0.4054004903818687
P. Jones,Man United,-0.4146463053612054,-0.35927853167065654,-0.4054004903818687
P. Jones,Tottenham,-0.565220693405124,-0.5126335456935504,-0.4054004903818687
P. Jones ,Arsenal,-0.565220693405124,-0.5126335456935504,-0.4054004903818687
P. Jones ,Chelsea,-0.565220693405124,-0.5126335456935504,-0.4054004903818687
P. Jones ,Liverpool,-0.565220693405124,-0.5126335456935504,-0.4054004903818687
P. Jones ,Man City,-0.565220693405124,-0.5126335456935504,-0.4054004903818687
P. Jones ,Man United,-0.4304962409447758,-0.5126335456935504,-0.4054004903818687
P. Jones ,Tottenham,-0.565220693405124,-0.5126335456935504,-0.4054004903818687
P.A. Durkin,Arsenal,-0.565220693405124,-0.5126335456935504,-0.4054004903818687
P.A. Durkin,Chelsea,-0.565220693405124,-0.5126335456935504,-0.4054004903818687
P.A. Durkin,Liverpool,-0.4621961121119165,-0.4615152076859191,-0.4054004903818687
P.A. Durkin,Man City,-0.565220693405124,-0.5126335456935504,-0.4054004903818687
P.A. Durkin,Man United,-0.565220693405124,-0.5126335456935504,-0.4054004903818687
P.A. Durkin,Tottenham,-0.565220693405124,-0.5126335456935504,-0.4054004903818687
Paul Durkin,Arsenal,-0.16104733602407925,-0.35927853167065654,-0.4054004903818687
Paul Durkin,Chelsea,-0.05802275473087176,-0.3081601936630253,-0.4054004903818687
Paul Durkin,Liverpool,-0.27992185290085714,-0.35927853167065654,-0.4054004903818687
Paul Durkin,Man City,-0.565220693405124,-0.5126335456935504,-0.4054004903818687
Paul Durkin,Man United,-0.35917153081870906,-0.5126335456935504,-0.4054004903818687
Paul Durkin,Tottenham,-0.5176708866544129,-0.4615152076859191,-0.4054004903818687
Paul Taylor,Arsenal,-0.4859710154872721,-0.4103968696782878,-0.4054004903818687
Paul Taylor,Chelsea,-0.5018209510708425,-0.5126335456935504,-0.4054004903818687
Paul Taylor,Liverpool,-0.565220693405124,-0.5126335456935504,-0.4054004903818687
Paul Taylor,Man City,-0.438421208736561,-0.5126335456935504,-0.4054004903818687
Paul Taylor,Man United,-0.565220693405124,-0.5126335456935504,-0.4054004903818687
Paul Taylor,Tottenham,-0.565220693405124,-0.5126335456935504,-0.4054004903818687
Peter Jones,Arsenal,-0.398796369777635,-0.3081601936630253,-0.4054004903818687
Peter Jones,Chelsea,-0.13727243264872369,-0.20592351764776276,-0.4054004903818687
Peter Jones,Liverpool,-0.4621961121119165,-0.4615152076859191,-0.4054004903818687
Peter Jones,Man City,-0.27992185290085714,-0.3081601936630253,-0.4054004903818687
Peter Jones,Man United,-0.3116217240679979,-0.3081601936630253,-0.4054004903818687
Peter Jones,Tottenham,-0.29577178848442753,-0.257041855655394,-0.4054004903818687
"Poll, G.",Arsenal,-0.565220693405124,-0.5126335456935504,-0.4054004903818687
"Poll, G.",Chelsea,-0.4621961121119165,-0.4615152076859191,-0.4054004903818687
"Poll, G.",Liverpool,-0.438421208736561,-0.4103968696782878,-0.4054004903818687
"Poll, G.",Man City,-0.565220693405124,-0.5126335456935504,-0.4054004903818687
"Poll, G.",Man United,-0.5018209510708425,-0.4103968696782878,-0.4054004903818687
"Poll, G.",Tottenham,-0.565220693405124,-0.5126335456935504,-0.4054004903818687
R Beeby,Arsenal,-0.565220693405124,-0.5126335456935504,-0.4054004903818687
R Beeby,Chelsea,-0.565220693405124,-0.5126335456935504,-0.4054004903818687
R Beeby,Liverpool,-0.565220693405124,-0.5126335456935504,-0.4054004903818687
R Beeby,Man City,-0.4225712731529906,-0.4615152076859191,-0.4054004903818687
R Beeby,Man United,-0.565220693405124,-0.5126335456935504,-0.4054004903818687
R Beeby,Tottenham,-0.565220693405124,-0.5126335456935504,-0.4054004903818687
R East,Arsenal,-0.16897230381586445,-0.0014501656172377455,-0.4054004903818687
R East,Chelsea,-0.05009778693908657,-0.257041855655394,-0.4054004903818687
R East,Liverpool,0.10840156889661727,-0.0014501656172377455,0.4924236322963013
R East,Man City,-0.22444707835836078,-0.20592351764776276,-0.4054004903818687
R East,Man United,-0.29577178848442753,-0.35927853167065654,-0.4054004903818687
R East,Tottenham,-0.15312236823229405,-0.3081601936630253,-0.4054004903818687
R Jones,Arsenal,-0.08972262589801253,-0.052568503624869,0.4924236322963013
R Jones,Chelsea,0.17972627902268398,0.25414152442091853,-0.4054004903818687
R Jones,Liverpool,-0.565220693405124,-0.5126335456935504,-0.4054004903818687
R Jones,Man City,-0.00254798018837542,-0.10368684163250026,0.4924236322963013
R Jones,Man United,0.33030066706660266,0.8164432425048623,-0.4054004903818687
R Jones,Tottenham,0.22727608577339514,0.45861487645144355,-0.4054004903818687
R Madley,Arsenal,-0.05802275473087176,-0.052568503624869,-0.4054004903818687
R Madley,Chelsea,0.18765124681446918,0.04966817239039351,0.4924236322963013
R Madley,Liverpool,0.10840156889661727,0.15190484840565602,-0.4054004903818687
R Madley,Man City,0.40955034498445453,0.25414152442091853,0.4924236322963013
R Madley,Man United,0.03707685877055054,0.10078651039802476,-0.4054004903818687
R Madley,Tottenham,0.17972627902268398,0.45861487645144355,-0.4054004903818687
R Styles,Arsenal,0.7106991210722918,0.7142065664895999,1.3902477549744712
R Styles,Chelsea,1.3209216410397515,1.12315327055065,0.4924236322963013
R Styles,Liverpool,0.9246732514504921,0.6119698904743374,0.4924236322963013
R Styles,Man City,1.0118478971601292,0.8164432425048623,1.3902477549744712
R Styles,Man United,1.0197728649519142,1.0720349325430187,1.3902477549744712
R Styles,Tottenham,0.9484481548258475,1.1742716085582812,1.3902477549744712
R. Styles,Arsenal,-0.4146463053612054,-0.35927853167065654,0.4924236322963013
R. Styles,Chelsea,-0.33539662744335347,-0.3081601936630253,-0.4054004903818687
R. Styles,Liverpool,-0.565220693405124,-0.5126335456935504,-0.4054004903818687
R. Styles,Man City,-0.565220693405124,-0.5126335456935504,-0.4054004903818687
R. Styles,Man United,-0.565220693405124,-0.5126335456935504,-0.4054004903818687
R. Styles,Tottenham,-0.565220693405124,-0.5126335456935504,-0.4054004903818687
"Rennie, U. D.",Arsenal,-0.4146463053612054,-0.5126335456935504,-0.4054004903818687
"Rennie, U. D.",Chelsea,-0.5097459188626277,-0.4103968696782878,-0.4054004903818687
"Rennie, U. D.",Liverpool,-0.565220693405124,-0.5126335456935504,-0.4054004903818687
"Rennie, U. D.",Man City,-0.565220693405124,-0.5126335456935504,-0.4054004903818687
"Rennie, U. D.",Man United,-0.36709649861049426,-0.4103968696782878,-0.4054004903818687
"Rennie, U. D.",Tottenham,-0.3829464341940646,-0.3081601936630253,-0.4054004903818687
"Riley, M. A.",Arsenal,-0.565220693405124,-0.5126335456935504,-0.4054004903818687
"Riley, M. A.",Chelsea,-0.565220693405124,-0.5126335456935504,-0.4054004903818687
"Riley, M. A.",Liverpool,-0.5018209510708425,-0.5126335456935504,-0.4054004903818687
"Riley, M. A.",Man City,-0.565220693405124,-0.5126335456935504,-0.4054004903818687
"Riley, M. A.",Man United,-0.5176708866544129,-0.4103968696782878,-0.4054004903818687
"Riley, M. A.",Tottenham,-0.28784682069264234,-0.3081601936630253,1.3902477549744712
Rob Harris,Arsenal,-0.34332159523513867,-0.35927853167065654,-0.4054004903818687
Rob Harris,Chelsea,-0.4146463053612054,-0.4615152076859191,-0.4054004903818687
Rob Harris,Liverpool,-0.565220693405124,-0.5126335456935504,-0.4054004903818687
Rob Harris,Man City,-0.3829464341940646,-0.4103968696782878,-0.4054004903818687
Rob Harris,Man United,-0.565220693405124,-0.5126335456935504,-0.4054004903818687
Rob Harris,Tottenham,-0.30369675627621273,-0.3081601936630253,-0.4054004903818687
Rob Styles,Arsenal,-0.5176708866544129,-0.5126335456935504,-0.4054004903818687
Rob Styles,Chelsea,-0.4225712731529906,-0.35927853167065654,0.4924236322963013
Rob Styles,Liverpool,-0.4859710154872721,-0.4615152076859191,-0.4054004903818687
Rob Styles,Man City,-0.31954669185978307,-0.052568503624869,1.3902477549744712
Rob Styles,Man United,-0.565220693405124,-0.5126335456935504,-0.4054004903818687
Rob Styles,Tottenham,-0.3908714019858498,-0.4103968696782878,-0.4054004903818687
S Attwell,Arsenal,0.8454235735326401,1.4809816366040687,1.3902477549744712
S Attwell,Chelsea,1.0752476394944106,1.3787449605888062,1.3902477549744712
S Attwell,Liverpool,0.797873766781929,0.4074965384438123,-0.4054004903818687
S Attwell,Man City,0.5284248618612324,0.7142065664895999,2.288071877652641
S Attwell,Man United,0.8850484124915661,1.3787449605888062,-0.4054004903818687
S Attwell,Tottenham,0.8137237023654993,1.2253899465659124,-0.4054004903818687
S Barrott,Arsenal,-0.3908714019858498,-0.35927853167065654,-0.4054004903818687
S Barrott,Chelsea,-0.4938959832790573,-0.4103968696782878,-0.4054004903818687
S Barrott,Liverpool,-0.565220693405124,-0.5126335456935504,-0.4054004903818687
S Barrott,Man City,-0.5414457900297684,-0.4103968696782878,-0.4054004903818687
S Barrott,Man United,-0.4542711443201313,-0.4103968696782878,-0.4054004903818687
S Barrott,Tottenham,-0.4542711443201313,-0.4103968696782878,-0.4054004903818687
S Bennett,Arsenal,1.6141454493358036,1.1742716085582812,0.4924236322963013
S Bennett,Chelsea,1.3050717054561811,1.0209165945353873,1.3902477549744712
S Bennett,Liverpool,1.8360445475057892,1.2765082845735436,2.288071877652641
S Bennett,Man City,1.6537702882947296,1.3787449605888062,1.3902477549744712
S Bennett,Man United,1.915294225423641,2.2477567067185373,2.288071877652641
S Bennett,Tottenham,1.376396415582248,1.3787449605888062,0.4924236322963013
S Dunn,Arsenal,-0.018397915771945803,-0.10368684163250026,-0.4054004903818687
S Dunn,Chelsea,-0.28784682069264234,-0.4615152076859191,-0.4054004903818687
S Dunn,Liverpool,-0.1134975292733681,-0.20592351764776276,0.4924236322963013
S Dunn,Man City,-0.1214224970651533,-0.10368684163250026,-0.4054004903818687
S Dunn,Man United,-0.06594772252265696,-0.35927853167065654,-0.4054004903818687
S Dunn,Tottenham,-0.13727243264872369,-0.35927853167065654,-0.4054004903818687
S Hooper,Arsenal,-0.15312236823229405,-0.20592351764776276,-0.4054004903818687
S Hooper,Chelsea,-0.00254798018837542,0.25414152442091853,0.4924236322963013
S Hooper,Liverpool,0.18765124681446918,0.10078651039802476,1.3902477549744712
S Hooper,Man City,0.11632653668840245,0.10078651039802476,-0.4054004903818687
S Hooper,Man United,0.06085176214590612,0.10078651039802476,-0.4054004903818687
S Hooper,Tottenham,0.1718013112308988,0.5097332144590748,-0.4054004903818687
S Scott,Arsenal,-0.565220693405124,-0.5126335456935504,-0.4054004903818687
S Scott,Chelsea,-0.565220693405124,-0.5126335456935504,-0.4054004903818687
S Scott,Liverpool,-0.565220693405124,-0.5126335456935504,-0.4054004903818687
S Scott,Man City,-0.4938959832790573,-0.4615152076859191,-0.4054004903818687
S Scott,Man United,-0.565220693405124,-0.5126335456935504,-0.4054004903818687
S Scott,Tottenham,-0.565220693405124,-0.5126335456935504,-0.4054004903818687
S Tanner,Arsenal,-0.4542711443201313,-0.5126335456935504,-0.4054004903818687
S Tanner,Chelsea,-0.565220693405124,-0.5126335456935504,-0.4054004903818687
S Tanner,Liverpool,-0.3908714019858498,-0.5126335456935504,-0.4054004903818687
S Tanner,Man City,-0.24822198173371637,-0.3081601936630253,-0.4054004903818687
S Tanner,Man United,-0.565220693405124,-0.5126335456935504,-0.4054004903818687
S Tanner,Tottenham,-0.24029701394193118,-0.15480517964013152,0.4924236322963013
S. G. Bennett,Arsenal,-0.565220693405124,-0.5126335456935504,-0.4054004903818687
S. G. Bennett,Chelsea,-0.4780460476954869,-0.3081601936630253,-0.4054004903818687
S. G. Bennett,Liverpool,-0.4938959832790573,-0.4615152076859191,0.4924236322963013
S. G. Bennett,Man City,-0.565220693405124,-0.5126335456935504,-0.4054004903818687
S. G. Bennett,Man United,-0.438421208736561,-0.4615152076859191,0.4924236322963013
S. G. Bennett,Tottenham,-0.35917153081870906,-0.3081601936630253,-0.4054004903818687
S. W. Dunn,Arsenal,-0.565220693405124,-0.5126335456935504,-0.4054004903818687
S. W. Dunn,Chelsea,-0.4701210799037017,-0.3081601936630253,0.4924236322963013
S. W. Dunn,Liverpool,-0.565220693405124,-0.5126335456935504,-0.4054004903818687
S. W. Dunn,Man City,-0.565220693405124,-0.5126335456935504,-0.4054004903818687
S. W. Dunn,Man United,-0.565220693405124,-0.5126335456935504,-0.4054004903818687
S. W. Dunn,Tottenham,-0.3908714019858498,-0.4103968696782878,-0.4054004903818687
St Bennett,Arsenal,-0.4463461765283462,-0.35927853167065654,-0.4054004903818687
St Bennett,Chelsea,-0.565220693405124,-0.5126335456935504,-0.4054004903818687
St Bennett,Liverpool,-0.565220693405124,-0.5126335456935504,-0.4054004903818687
St Bennett,Man City,-0.565220693405124,-0.5126335456935504,-0.4054004903818687
St Bennett,Man United,-0.565220693405124,-0.5126335456935504,-0.4054004903818687
St Bennett,Tottenham,-0.565220693405124,-0.5126335456935504,-0.4054004903818687
Steve Bennett,Arsenal,-0.565220693405124,-0.5126335456935504,-0.4054004903818687
Steve Bennett,Chelsea,-0.4463461765283462,-0.4103968696782878,-0.4054004903818687
Steve Bennett,Liverpool,-0.30369675627621273,-0.4103968696782878,-0.4054004903818687
Steve Bennett,Man City,-0.35917153081870906,-0.4103968696782878,-0.4054004903818687
Steve Bennett,Man United,-0.5097459188626277,-0.5126335456935504,-0.4054004903818687
Steve Bennett,Tottenham,-0.398796369777635,-0.5126335456935504,0.4924236322963013
Steve Bennett ,Arsenal,-0.565220693405124,-0.5126335456935504,-0.4054004903818687
Steve Bennett ,Chelsea,-0.565220693405124,-0.5126335456935504,-0.4054004903818687
Steve Bennett ,Liverpool,-0.565220693405124,-0.5126335456935504,-0.4054004903818687
Steve Bennett ,Man City,-0.565220693405124,-0.5126335456935504,-0.4054004903818687
Steve Bennett ,Man United,-0.565220693405124,-0.5126335456935504,-0.4054004903818687
Steve Bennett ,Tottenham,-0.4621961121119165,-0.4615152076859191,-0.4054004903818687
Steve Dunn,Arsenal,-0.28784682069264234,-0.4615152076859191,0.4924236322963013
Steve Dunn,Chelsea,-0.23237204615014598,-0.052568503624869,-0.4054004903818687
Steve Dunn,Liverpool,-0.37502146640227946,-0.4615152076859191,-0.4054004903818687
Steve Dunn,Man City,-0.23237204615014598,-0.257041855655394,-0.4054004903818687
Steve Dunn,Man United,-0.5018209510708425,-0.4615152076859191,-0.4054004903818687
Steve Dunn,Tottenham,-0.26407191731728674,-0.3081601936630253,-0.4054004903818687
Steve Lodge,Arsenal,-0.37502146640227946,-0.5126335456935504,-0.4054004903818687
Steve Lodge,Chelsea,-0.4621961121119165,-0.4615152076859191,-0.4054004903818687
Steve Lodge,Liverpool,-0.4938959832790573,-0.4103968696782878,-0.4054004903818687
Steve Lodge,Man City,-0.29577178848442753,-0.4103968696782878,-0.4054004903818687
Steve Lodge,Man United,-0.26407191731728674,-0.3081601936630253,-0.4054004903818687
Steve Lodge,Tottenham,-0.565220693405124,-0.5126335456935504,-0.4054004903818687
"Styles, R.",Arsenal,-0.565220693405124,-0.5126335456935504,-0.4054004903818687
"Styles, R.",Chelsea,-0.565220693405124,-0.5126335456935504,-0.4054004903818687
"Styles, R.",Liverpool,-0.5018209510708425,-0.5126335456935504,-0.4054004903818687
"Styles, R.",Man City,-0.565220693405124,-0.5126335456935504,-0.4054004903818687
"Styles, R.",Man United,-0.438421208736561,-0.4615152076859191,-0.4054004903818687
"Styles, R.",Tottenham,-0.525595854446198,-0.5126335456935504,-0.4054004903818687
T Bramall,Arsenal,-0.565220693405124,-0.5126335456935504,-0.4054004903818687
T Bramall,Chelsea,-0.565220693405124,-0.5126335456935504,-0.4054004903818687
T Bramall,Liverpool,-0.4780460476954869,-0.4615152076859191,0.4924236322963013
T Bramall,Man City,-0.565220693405124,-0.5126335456935504,-0.4054004903818687
T Bramall,Man United,-0.565220693405124,-0.5126335456935504,-0.4054004903818687
T Bramall,Tottenham,-0.565220693405124,-0.5126335456935504,-0.4054004903818687
T Harrington,Arsenal,-0.4859710154872721,-0.5126335456935504,-0.4054004903818687
T Harrington,Chelsea,-0.5018209510708425,-0.35927853167065654,-0.4054004903818687
T Harrington,Liverpool,-0.4067213375694202,-0.4103968696782878,-0.4054004903818687
T Harrington,Man City,-0.4938959832790573,-0.4615152076859191,-0.4054004903818687
T Harrington,Man United,-0.35917153081870906,-0.4103968696782878,-0.4054004903818687
T Harrington,Tottenham,-0.4542711443201313,-0.4103968696782878,-0.4054004903818687
T Robinson,Arsenal,-0.35124656302692386,-0.4103968696782878,-0.4054004903818687
T Robinson,Chelsea,-0.27199688510907194,-0.0014501656172377455,-0.4054004903818687
T Robinson,Liverpool,-0.33539662744335347,-0.3081601936630253,-0.4054004903818687
T Robinson,Man City,-0.5176708866544129,-0.4615152076859191,-0.4054004903818687
T Robinson,Man United,-0.4780460476954869,-0.3081601936630253,-0.4054004903818687
T Robinson,Tottenham,-0.1214224970651533,0.04966817239039351,-0.4054004903818687
U Rennie,Arsenal,0.22727608577339514,-0.0014501656172377455,-0.4054004903818687
U Rennie,Chelsea,-0.05009778693908657,-0.052568503624869,-0.4054004903818687
U Rennie,Liverpool,0.7899487989901438,0.25414152442091853,-0.4054004903818687
U Rennie,Man City,0.5284248618612324,0.04966817239039351,-0.4054004903818687
U Rennie,Man United,0.10840156889661727,-0.15480517964013152,0.4924236322963013
U Rennie,Tottenham,1.4318711901247443,0.8675615805124937,0.4924236322963013
U. D. Rennie,Arsenal,-0.4621961121119165,-0.4615152076859191,-0.4054004903818687
U. D. Rennie,Chelsea,-0.565220693405124,-0.5126335456935504,-0.4054004903818687
U. D. Rennie,Liverpool,-0.565220693405124,-0.5126335456935504,-0.4054004903818687
U. D. Rennie,Man City,-0.565220693405124,-0.5126335456935504,-0.4054004903818687
U. D. Rennie,Man United,-0.565220693405124,-0.5126335456935504,-0.4054004903818687
U. D. Rennie,Tottenham,-0.565220693405124,-0.5126335456935504,-0.4054004903818687
"Wiley, A. G.",Arsenal,-0.4938959832790573,-0.4615152076859191,-0.4054004903818687
"Wiley, A. G.",Chelsea,-0.4859710154872721,-0.4615152076859191,-0.4054004903818687
"Wiley, A. G.",Liverpool,-0.3829464341940646,-0.35927853167065654,-0.4054004903818687
"Wiley, A. G.",Man City,-0.565220693405124,-0.5126335456935504,-0.4054004903818687
"Wiley, A. G.",Man United,-0.4938959832790573,-0.4615152076859191,-0.4054004903818687
"Wiley, A. G.",Tottenham,-0.4542711443201313,-0.35927853167065654,0.4924236322963013
"Wilkes, C. R.",Arsenal,-0.4621961121119165,-0.4103968696782878,-0.4054004903818687
"Wilkes, C. R.",Chelsea,-0.565220693405124,-0.5126335456935504,-0.4054004903818687
"Wilkes, C. R.",Liverpool,-0.5018209510708425,-0.4615152076859191,-0.4054004903818687
"Wilkes, C. R.",Man City,-0.565220693405124,-0.5126335456935504,-0.4054004903818687
"Wilkes, C. R.",Man United,-0.565220693405124,-0.5126335456935504,-0.4054004903818687
"Wilkes, C. R.",Tottenham,-0.4542711443201313,-0.5126335456935504,-0.4054004903818687
"Winter, J. T.",Arsenal,-0.4067213375694202,-0.257041855655394,-0.4054004903818687
"Winter, J. T.",Chelsea,-0.4780460476954869,-0.4615152076859191,-0.4054004903818687
"Winter, J. T.",Liverpool,-0.5018209510708425,-0.5126335456935504,-0.4054004903818687
"Winter, J. T.",Man City,-0.565220693405124,-0.5126335456935504,-0.4054004903818687
"Winter, J. T.",Man United,-0.4938959832790573,-0.5126335456935504,-0.4054004903818687
"Winter, J. T.",Tottenham,-0.4146463053612054,-0.4615152076859191,-0.4054004903818687
"Wolstenholme, E. K.",Arsenal,-0.565220693405124,-0.5126335456935504,-0.4054004903818687
"Wolstenholme, E. K.",Chelsea,-0.3829464341940646,-0.4103968696782878,-0.4054004903818687
"Wolstenholme, E. K.",Liverpool,-0.565220693405124,-0.5126335456935504,-0.4054004903818687
"Wolstenholme, E. K.",Man City,-0.565220693405124,-0.5126335456935504,-0.4054004903818687
"Wolstenholme, E. K.",Man United,-0.565220693405124,-0.5126335456935504,-0.4054004903818687
"Wolstenholme, E. K.",Tottenham,-0.4859710154872721,-0.35927853167065654,-0.4054004903818687
